,Approved Amount,Institution,Location Tag,postalcode,canton
0,33115719,Forschungsanstalten Agroscope - AGS,AGS,None,ZH
1,3435621,AO Research Institute - AORI,AORI,None,GR
2,159317,Pädag. Hochschule Tessin (Teilschule SUPSI) - ASP,ASP,None,AG
3,10749808,Weitere Spitäler - ASPIT,ASPIT,None,AG
4,1519373035,Universität Bern - BE,BE,3012,BE
5,31028695,Berner Fachhochschule - BFH,BFH,3401,BE
6,2492535,Biotechnologie Institut Thurgau - BITG,BITG,8280,TG
7,1352251464,Universität Basel - BS,BS,4003,BS
8,1567678,Centre de rech. sur l'environnement alpin - CREALP,CREALP,1950,VS
9,18068246,Swiss Center for Electronics and Microtech. - CSEM,CSEM,None,NE
10,74619222.37,Eidg. Anstalt für Wasserversorgung - EAWAG,EAWAG,8600,ZH
11,2086572,Eidg. Hochschulinstitut für Berufsbildung - EHB,EHB,3052,BE
12,58574515.92,Eidg. Material und Prüfungsanstalt - EMPA,EMPA,8600,ZH
13,5067172,Ente Ospedaliero Cantonale - EOC,EOC,"Viale Officina 3, Bellinzona, Switzerland",TI
14,1175315914,EPF Lausanne - EPFL,EPFL,1015,VD
15,1635596618,ETH Zürich - ETHZ,ETHZ,8092,ZH
16,12000,Fernfachhochschule Schweiz (Mitglied SUPSI) - FFHS,FFHS,3900,VS
17,1090280,Fachhochschule Kalaidos - FHKD,FHKD,8050,ZH
18,42771914.12,Fachhochschule Nordwestschweiz (ohne PH) - FHNW,FHNW,4600,SO
19,4437056,Fachhochschule Ostschweiz - FHO,FHO,"9000 St Gallen, Switzerland",SG
20,7442410,Forschungsinstitut für biologischen Landbau - FIBL,FIBL,None,AG
21,9256736,Weitere Institute - FINST,FINST,None,ZH
22,40229142.61,Friedrich Miescher Institute - FMI,FMI,4058,BS
23,34735816,Schweizer Kompetenzzentrum Sozialwissensch. - FORS,FORS,None,VD
24,111686719.9,Firmen/Privatwirtschaft - FP,FP,None,None
25,457526170.3,Université de Fribourg - FR,FR,1700,FR
26,8000,Facoltà di Teologia di Lugano - FTL,FTL,6900,TI
27,65956,Franklin University Switzerland - FUS,FUS,6924,TI
28,1838237308,Université de Genève - GE,GE,"Geneva, Switzerland",GE
29,627380,"Haute école pédagogique BE, JU, NE - HEPBEJUNE",HEPBEJUNE,2800,JU
30,1547498,Haute école pédagogique fribourgeoise - HEPFR,HEPFR,1700,FR
31,1430686,Haute école pédagogique du canton de Vaud - HEPL,HEPL,"1014, Avenue de Cour 33, 1007 Lausanne, Switzerland",VD
32,34162965.46,HES de Suisse occidentale - HES-SO,HES-SO,2800,JU
33,10768116.36,Hochschule Luzern - HSLU,HSLU,6002,LU
34,2839872,Interkant. Hochschule für Heilpädagogik ZH - HfH,HfH,8057,ZH
35,22183105.2,Idiap Research Institute - IDIAP,IDIAP,1920,VS
36,38864231.6,Inst. de Hautes Etudes Internat. et du Dév - IHEID,IHEID,"Maison de la Paix, Chemin Eugène-Rigot 2, 1202 Genève, Switzerland",TI
37,1219681,Institut für Kulturforschung Graubünden - IKG,IKG,7000,GR
38,3478469,Forschungsinstitut für Opthalmologie - IRO,IRO,None,VS
39,951238,Instituto Ricerche Solari Locarno - IRSOL,IRSOL,6600,TI
40,141000,Istituto Svizzero di Roma - ISR,ISR,None,None
41,624819,Inst. Suisse de Spéléologie et Karstologie - ISSKA,ISSKA,None,NE
42,6882729.85,Inst. universit. romand de Santé au Travail - IST,IST,1066,VD
43,1977340,Institut Universitaire Kurt Bösch - IUKB,IUKB,1967,VS
44,15034105,Kantonsspital St. Gallen - KSPSG,KSPSG,9007,SG
45,1183290757,Université de Lausanne - LA,LA,"1015 Lausanne, Switzerland",VD
46,39981678.31,Universität Luzern - LU,LU,6002,LU
47,383204582.3,Université de Neuchâtel - NE,NE,2000,NE
49,1990389.6,Pädagogische Hochschule Bern - PHBern,PHBern,3012,BE
50,3476142,Pädagogische Hochschule Nordwestschweiz - PHFHNW,PHFHNW,4410,BL
51,614613,Pädagogische Hochschule Graubünden - PHGR,PHGR,7000,GR
52,1979281,Pädagogische Hochschule Luzern - PHLU,PHLU,6003,LU
53,2098387,Pädagogische Hochschule St. Gallen - PHSG,PHSG,9000,SG
54,176691,Pädagogische Hochschule Schaffhausen - PHSH,PHSH,8200,SH
55,936551,Pädagogische Hochschule Schwyz - PHSZ,PHSZ,6410,SZ
56,1526446,Pädagogische Hochschule Thurgau - PHTG,PHTG,8280,TG
57,425498,Pädagogische Hochschule Wallis - PHVS,PHVS,None,VS
58,3298346,Pädagogische Hochschule Zürich - PHZFH,PHZFH,8090,ZH
59,495715,Pädagogische Hochschule Zug - PHZG,PHZG,6301,ZG
60,12098436,Physikal.-Meteorolog. Observatorium Davos - PMOD,PMOD,None,GR
61,115268968.9,Paul Scherrer Institut - PSI,PSI,"5232 Villigen, Switzerland",AG
62,569579,Robert Walser-Stiftung Bern - RWS,RWS,3011,BE
63,100000,Forschungskommission SAGW,SAGW,None,None
64,69194954.45,Universität St. Gallen - SG,SG,9000,SG
65,429600,Schweiz. Hochschule für Logopädie Rorschach - SHLR,SHLR,9400,SG
66,19169965,Allergie- und Asthmaforschung - SIAF,SIAF,7270,GR
67,11583219,Swiss Institute of Bioinformatics - SIB,SIB,1206,GE
68,4649550,Schweiz. Institut für Kunstwissenschaft - SIK-ISEA,SIK-ISEA,8032,ZH
69,1944211,Schweizer Paraplegiker Forschung - SPF,SPF,6207,LU
70,17300,Staatsunabh. Theologische Hochschule Basel - STHB,STHB,None,BS
71,24040082.15,SUP della Svizzera italiana - SUPSI,SUPSI,6928,TI
72,84970554.75,Università della Svizzera italiana - USI,USI,6900,TI
73,48360389.63,"Eidg. Forschungsanstalt für Wald,Schnee,Land - WSL",WSL,None,ZH
74,44843453.12,Zürcher Fachhochschule (ohne PH) - ZFH,ZFH,None,ZH
75,1826842675,Universität Zürich - ZH,ZH,8006,ZH
0,663264,AGGS Staatsarchiv,,None,None
1,911248,AGRIDEA,,None,None
2,5553504,Aargauer Kantonsbibliothek,,None,None
3,12380,Aargauer Kantonsschule Baden,,None,None
4,1000122,Abteilung Biochemie Biozentrum Universität Basel,,3012,BE
5,230218,Abteilung Geowissenschaften Naturhistorisches Museum Basel,,3401,BE
6,188000,Abteilung Mikrobiologie Biozentrum Universität Basel,,8280,TG
7,180269,Abwasserverband Altenrhein,,4003,BS
8,504497,Addiction Info Suisse,,1950,VS
9,4000,Agrogen-Stiftung,,None,None
10,25000,Albrecht von Haller-Stiftung,,8600,ZH
11,230089,Alimentarium Musée de l'alimentation,,3052,BE
12,229910,Alter Ego,,8600,ZH
13,1782331,Amt für Archäologie des Kantons Thurgau,,"Viale Officina 3, Bellinzona, Switzerland",None
14,375813,Amt für Raumentwicklung Baudirektion Kanton Zürich,,1015,VD
15,293700,Amt für Städtebau der Stadt Zürich Archäologie/Denkmalpflege,,8092,ZH
16,365640,Amt für Wasserwirtschaft,,3900,VS
17,977384,Antikenmuseum,,8050,ZH
18,196830,Appellationsgericht Basel-Stadt,,4600,SO
19,87550,Arbeitsgemeinschaft Swissaid / Fastenopfer / Brot für alle / Helvetas / Caritas,,"9000 St Gallen, Switzerland",None
20,235000,Arbeitsgemeinschaft zur Förderung des Futterbaues (AGFF),,None,None
21,85000,Arbeitslehrerinnenseminar des Kantons Zürich,,None,None
22,15860,Arbeitsstelle der Stiftung für kulturwissenschaftliche Forschungen,,4058,BS
23,192273,Arche Verlag AG,,None,None
24,1257112,"Architektur, Holz und Bau Berner Fachhochschule",,None,None
25,437096,Archiv für Agrargeschichte,,1700,FR
26,620680,Archives D'Etat de Genève Etat de Genève,,6900,TI
27,862554,Archives d'Etat de Genève,,6924,TI
28,106524,Archives de l'Etat de Fribourg,,"Geneva, Switzerland",None
29,15000,Archives de l'Etat de Neuchâtel,,2800,JU
30,12385,Archives du Chapitre cathédral,,1700,FR
31,2469847,Archivio di Stato del Canton Ticino,,"1014, Avenue de Cour 33, 1007 Lausanne, Switzerland",None
32,68200,Archäologie Schweiz,,2800,JU
33,520594,Archäologie Schweizerisches Landesmuseum,,6002,LU
34,725233,Archäologie und Kantonsmuseum Kanton Basel-Landschaft Regierungsgebäude,,8057,ZH
35,994369,"Archäologie, Bauhütte Stiftung Pro Kloster St. Johann in Müstair",,1920,VS
36,147229,Archäologische Bodenforschung des Kantons Basel-Stadt,,"Maison de la Paix, Chemin Eugène-Rigot 2, 1202 Genève, Switzerland",None
37,103756,Archäologischer Dienst Graubünden Amt für Kultur,,7000,GR
38,330694,Archäologischer Dienst Graubünden Schloss,,None,None
39,256785,Archäologischer Dienst des Kantons Bern,,6600,TI
40,264143,Assocation suisse pour le service aux regions et communes (SEREC),,None,None
41,27515,Association Pro Lousonna Musée cantonal d'Archéologie et d'Histoire,,None,None
42,289423,Association Pro Vistiliaco,,1066,VD
43,29000,Association Vaudoise des Chercheurs en Physique,,1967,VS
44,202343,Association internationale de la sécurité sociale (AISS),,9007,SG
45,236660,BAK Konjunkturforschung Basel AG,,"1015 Lausanne, Switzerland",None
46,3231245,BATS Fachstelle für Biosicherheits- forschung und Abschätzung von Technologiefolgen des SPP BioTech,,6002,LU
47,8000,Basel Institute on Governance,,2000,NE
48,301722,Basler Denkmalpflege Museum kleines Klingental,,None,None
49,43780,Baudirektion des Kantons Zürich ARV Kantonale Denkmalpflege,,3012,BE
50,1224866,Bernisches Historisches Museum,,4410,BL
51,67000,Bibliothek Kantonsschule Luzern,,7000,GR
52,340773,Bibliothek Staatsarchiv des Kantons Zürich,,6003,LU
53,95248,Bibliotheque militaire fédérale,,9000,SG
54,364832,Bibliothèque Office fédéral de la statistique,,8200,SH
55,98160,Bibliothèque cantonale et universitaire,,6410,SZ
56,77013,Bibliothèque cantonale jurassienne,,8280,TG
57,40000,Bibliothèque cantonale universitaire,,None,None
58,154795,Bibliothèque de Genève Département des périodiques,,8090,ZH
59,37250,Bibliothèque publique et universitaire,,6301,ZG
60,669925,Bildungsplanung / Biblothek Bildungsdirektion des Kantons Zürich,,None,None
61,128767,Borchardt-Cohen'schen Stiftung,,"5232 Villigen, Switzerland",None
62,301432,Bundesamt für Justiz,,3011,BE
63,216659,Bundesamt für Justiz Hauptabteilung Staats- und Verwaltungsrecht,,None,None
64,10430,Bundesamt für Kultur,,9000,SG
65,590000,Bundesamt für Landestopografie,,9400,SG
66,202928,Bundesamt für Landwirtschaft,,7270,GR
67,2166077,Bundesamt für Meteorologie und Klimatologie MeteoSwiss,,1206,GE
68,18880,Bundesamt für Sozialversicherung,,8032,ZH
69,1484675,Bundesamt für Umwelt BAFU,,6207,LU
70,50000,Bundesamt für Verbraucherschutz und Lebensmittelsicherheit (BVL),,None,None
71,201301,Bundesamt für Veterinärwesen Bibliothek,,6928,TI
72,4925,Bundesamt für Wasser und Geologie Landeshydrologie und -geologie LHG,,6900,TI
73,1067387,Bundeshaus West NFP 27,,None,None
74,280523.25,Bureau de l'égalité des droits entre homme et femme,,None,None
75,12000,Bureau de l'égalité entre les femmes et les hommes,,8006,ZH
76,15000,Burgerbibliothek,,None,None
77,54489,Burgerbibliothek Bern,,8315,ZH
78,201018,Bündner Naturmuseum Bibliothek,,5001,AG
79,100000,Büro Z Arbeitsgemeinschaft für Wohnen + Stadtfragen,,5400,AG
80,1097269,Büro für Archäologie der Stadt Zürich,,4056,BS
81,3885731.87,CABI,,4051,BS
82,80901,CEDOTEC Service d'information documentaire,,4056,BS
83,377430,CERFIM,,9423,SG
84,226002,CESSRIVE Bibliothèque,,None,None
85,1075204,Capo Divisione Istituti e Servizi Dipartimento delle Opere Sociali,,3421,BE
86,1007754,Center for Experimental Pathology Istituto Cantonale di Patologia,,3005,BE
87,1023900,Centre de Recherche de Genève,,1800,VD
88,72393,Centre de Recherche sur le Phénomène Urbain (CREPU/EAUG),,None,None
89,109516,Centre de conservation de la faune et de la nature Bibliothèque,,8510,TG
90,1840911,Centre de recherche MISC Faculté des sciences sociales et politiques Université de Lausanne,,8910,ZH
91,65077,Centre for Socio-Eco-Nomic Development,,8021,ZH
92,1049595,Centre régional d'étude des populations alpines - CREPA,,None,None
93,1396889,Centre suisse de recherche et d'information sur le vitrail,,4051,BS
94,12010,Chantier Ramuz Bibliothèque des Cèdres,,4051,BS
95,315000,Chartularium Sangallense Stadthaus,,None,None
96,918211,Cinémathèque suisse Centre d'Archivage,,8046,ZH
97,20695,Collège Cantonal Saint-Michel,,None,None
98,94796,Collège secondaire de Béthusy,,None,None
99,671078,Comité provisoire pour l'Edition des Oeuvres de Benjamin Constant,,None,None
100,12438081,Commission administrative du GPSR,,3401,BE
101,329872,Commission du Centre Suisse en Côte d'Ivoire,,6500,TI
102,2559945,Commission nationale pour la publication des DDS,,3007,BE
103,8429221,Commissione scientifica del VDSI,,1204,GE
104,9760,Conservatoire de Lausanne,,1204,GE
105,3433051,Conservatoire et jardin botaniques de la Ville de Genève,,1700,FR
106,425000,Croix-Rouge suisse Domaine formation professionnelle,,"Rue de la Collégiale 12, Château, 2000 Neuchâtel, Switzerland",None
107,240467,Curatorium de l'Atlas linguistique de l'Afghanistan,,1950,VS
108,385674,Curatorium pour la biographie de W. Rappard,,6500,TI
109,183728,Curia Vescovile,,4051,BS
110,1821989,DEZA Fachsektion COPRET,,8001,ZH
111,984484,Denkmalpflege für bundeseigene Bauten c/o Amt für Bundesbauten,,None,None
112,114821,Denkmalpflege und Archäologie des Kantons Luzern,,"7537 Müstair, Switzerland",None
113,10000,Departement Umweltsystemwissenschaften ETH Zürich,,None,None
114,401087,"Dienststelle für Hochbau, Denkmalpflege und Archäologie",,7000,GR
115,69245,Diplomatische Dokumente der Schweiz,,7000,GR
116,326864,Direction de l'instruction publique et des affaires culturelles,,3018,BE
117,205575,Direction des Musées cantonaux du Valais,,None,None
118,335000,Division d'Immunologie Moléculaire Institut Ludwig de Recherche sur le Cancer,,None,None
119,20380,Divisione della Cultura Dipartimento dell'istruzione e della cultura del Cantone Ticino,,None,None
120,105209,Dokuzentrum Gesundheitswesen,,None,None
121,343853,Département de Biologie Cellulaire Faculté des Sciences Université de Genève,,1202,GE
122,1240000,Département de Biologie Moléculaire Faculté des Sciences Université de Genève,,4053,BS
123,22000,Département de l'instruction publique Service de la recherche en éducation Bibliothèque,,None,None
124,3000,Département des constructions et des technologies de l'information (DCTI),,4051,BS
125,505259,Département des travaux publics du Canton de Vaud,,4058,BS
126,5028,Dépt de langue & littérature allemandes Faculté des lettres Université de Genève,,8090,ZH
127,11910,EDA,,3005,BE
128,4626283,Ecole Suisse d'archéologie en Grèce  Univ. de Lausanne,,6005,LU
129,88062,Ecole supérieur de commerce de la ville de Sion,,"8057 Zürich, Switzerland",None
130,446717,Ecole supérieure d'enseignement infirmier,,3003,BE
131,100000,Ecole supérieure de Commerce,,None,None
132,153837,Econat,,"6, Place de la Riponne, CP, 1014 Lausanne, Switzerland",None
133,246499,Eidg. Büro für die Gleichstellung von Frau und Mann,,"2900 Porrentruy, Switzerland",None
134,330094,"Eidg. Departement für Verteidigung, Bevölkerungsschutz und Sport",,"6, Place de la Riponne, CP, 1014 Lausanne, Switzerland",None
135,79666,Eidg. Departement für auswärtige Angelegenheiten,,1211,GE
136,80325,Eidgenössisches Vakzine-Institut s. Institut für Viruskrankheiten und Immun. Mittelhäusern,,1211,GE
137,421085,Erwerbungsabteilung Zentralbibliothek Luzern,,"8090, Walchepl. 2, 8001 Zürich, Switzerland",None
138,138096,Erziehungsdepartement Obwalden,,None,None
139,40000,Erziehungsdirektion des Kantons Appenzell A.Rh.,,None,None
140,202873,"Etat de Vaud - Service Immeubles, Patrimoine et Logistique Section Patrimoine",,None,None
141,1639825,Eulerkommission der SANW,,3005,BE
142,99663,Europäischer Gerichtshof für Menschenrechte,,3084,BE
143,81320,Evangelische Arbeitsstelle Oekumene Schweiz,,None,None
144,3740,FORS c/o Université de Lausanne,,"OperationCenter 1, Frachtstrasse, 8058 Zürich, Switzerland",None
145,12200,Fachbereich Mathematik Departement Mathematik und Informatik Universität Basel,,3008,BE
146,240253,Fachstelle Lebensräume für Menschen mit einer geistigen Behinderung,,3063,BE
147,268166,Fachstelle für Gleichstellung Frau und Mann des Kantons Zürich,,None,None
148,160672,"Faculté des sciences économiques et sociales, Décanat Université de Genève",,None,None
149,167946,Federaz. Ticinese per integrazione degli andicappati FTIA,,None,None
150,145864,Fondation Braillard Architectes,,None,None
151,10250,Fondation Guy de Pourtalès Université de Lausanne,,None,None
152,820069,Fondation Hardt pour l'étude de l'Antiquité classique,,1003,VD
153,15300,Fondation Jean Monnet pour l'Europe Centre de recherches européennes,,3000,BE
154,4000,Fondation Martin Bodmer,,3000,BE
155,4412326,Fondation pour le LIMC,,7000,GR
156,242359,Fonoteca Nazionale Svizzera,,None,None
157,427566,Forschungsgruppe für Management im Gesundheitswesen an der Fachhoch- schule für Wirtschaft St. Gallen,,None,None
158,600579,Forschungsinstitut zur Geschichte des Alpenraums,,None,None
159,99934,Forschungskomitee Rechtssoziologie und Rechtswirklichkeitsforschung der Schweizer Gesellschaft für Soziologie,,None,None
160,480000,Forschungsstelle Solothurnisches Orts- und Flurnamenbuch,,None,None
161,1350000,Forschungsstelle für Orts- und Flurnamen,,None,None
162,335551,Forschungszentrum für Gebärdensprache,,None,None
163,6708,Forum Ost-West,,None,None
164,10000,Foundation for Research on Information Technologies in Society (IT'IS),,1205,GE
165,3254994,Französisches Etymologisches Wörterbuch,,None,None
166,150500,"Fraueninformationszentrum für Frauen aus Afrika, Asien und Lateinamerika",,None,None
167,252818,Freies Gymnasium Zürich,,None,None
168,210000,GGG,,1201,GE
169,287307,Geneva Centre for the Democratic Control of Armed Forces (DCAF),,None,None
170,250998,Geobotanische Kommission der SNG,,1680,FR
171,150530,Geschichte der Naturwissenschaften MN-Fakultät Universität Zürich,,None,None
172,5387806,Gesellschaft für Schweizerische Kunstgeschichte,,None,None
173,1673717,Gesundheitsdienst der Stadt Bern,,None,None
174,164900,Gymnase cantonal de la Cité,,1700,FR
175,8378,Gymnase de Bellerive,,1012,VD
176,65300,Gymnase du Bugnon,,None,None
177,220279,Gymnasien Kirchenfeld,,None,None
178,54509,Historische und Antiquarische Gesellschaft zu Basel,,None,None
179,17360,Historischer Verein des Kantons Schwyz Amt für Kulturpflege,,None,None
180,2150,Historisches Lexikon der Schweiz,,None,None
181,394162,Historisches Museum,,1003,VD
182,14797050,Hochalpine Forschungsstationen Jungfraujoch & Gornergrat Universität Bern,,"1202 Geneva, Switzerland",None
183,46100,Holbeingymnasium,,None,None
184,360000,Hôpital de Zone de Morges,,None,None
185,1226707,Institut Suisse prophylaxie alcoolisme,,None,None
186,769727,Institut d'Histologie et d'Embryologie,,6900,TI
187,567981,Institut d'éthique sociale de la Fédération des Eglises protestantes de la Suisse,,None,None
188,381058,Institut d'études médiévales Université de Fribourg,,None,None
189,851489,Institut de Microbiologie Université de Lausanne,,6002,LU
190,263597,Institut de Zoologie Faculté des Sciences Université de Neuchâtel,,8006,ZH
191,7000,Institut de recherches économiques Université de Neuchâtel,,1950,VS
192,378932,Institut für Bildungsevaluation Assoziiertes Inst. der Universität Zürich,,None,None
193,50000,Institut für Geophysik ETH Zürich,,None,None
194,248610,Institut für Pflegeforschung SBK,,None,None
195,83918,Institut für Strahlenhygiene BfS,,None,None
196,2864180,Institut für Viruskrankheiten und Immunprophylaxe,,6500,TI
197,68244,Institut für chirurgische Technologien und Biomechanik (ISTB) Universität Bern,,None,None
198,128743,Institut suisse de la santé publique,,"Geneva, Switzerland",None
199,426369,Internat. Environmental Law Research Centre Internat. Environment House,,"Geneva, Switzerland",None
200,10000,International Society of Electrochemistry,,None,None
201,96839,Ispettorato forestale cantonale,,None,None
202,40000,Istituto Batteriosierologico Cantonale,,"1014 Lausanne Adm Cant., Switzerland",None
203,156555,J.-v.-Müller-Kuratorium,,None,None
204,2568156,Jacob Burckhardt-Stiftung,,None,None
205,138012,"Justiz-, Gemeinde- und Kirchendirektion",,None,None
206,800000,Justizdirektion Nidwalden,,None,None
207,371641,"Kanton. Aufsichtsstelle Datenschutz Justiz-, Polizei- und Militärdirektion",,None,None
208,3429745,Kantonale Denkmalpflege,,None,None
209,280000,Kantonale Denkmalpflege Zug,,None,None
210,656715,Kantonale Fachstelle für Archäologie Staatsarchiv des Kantons Nidwalden,,None,None
211,119000,Kantonale Planungsgruppe,,None,None
212,16280,Kantonsarchäologie,,None,None
213,836915,Kantonsarchäologie Aargau,,None,None
214,257139,Kantonsarchäologie Basel-Landschaft,,None,None
215,446758,Kantonsarchäologie Schaffhausen,,None,None
216,250776,Kantonsarchäologie St. Gallen,,None,None
217,1595886,Kantonsbibliothek Vadiana,,None,None
218,422794,Kantonsschule Abt. Biologie,,None,None
219,100000,Kantonsschule Appenzell A.Rh.,,None,None
220,62000,Kantonsschule Baden,,None,None
221,474499,Kantonsschule Enge,,None,None
222,215892,Kantonsschule Freudenberg,,None,None
223,135000,Kantonsschule Riesbach,,None,None
224,76202,Kantonsschule Rychenberg,,None,None
225,313534,Kantonsschule Sargans,,None,None
226,78219,Kantonsschule Schlossfeld,,None,None
227,36948,Kantonsschule Stadelhofen,,None,None
228,93200,Kantonsschule Zug,,None,None
229,90000,Kantonsschule Zürcher Oberland Lehrer- und Lehrerinnenzimmer,,None,None
230,3000,Kantonsschule am Burggraben Rektorat,,None,None
231,245784,Karl Barth-Archiv,,None,None
232,616089,Karl-Jaspers-Stiftung,,None,None
233,132616,Kommision der Diplomatischen Dokumente der Schweiz SAGW,,None,None
234,122171,Kommission des Phonogrammarchivs Universität Zürich,,None,None
235,721284,Kommission für das Corpus Vasorum Antiquorum Antikenmuseum,,None,None
236,79732,Kommission für das Corpus philosophorum medii aevi der SGG,,None,None
237,275800,Kommission für das Mittellateinische Wörterbuch der SAGW,,None,None
238,300000,Kommission für die Schweiz. Kunst- und Kulturdatenbank der SAGW,,None,None
239,174862,Kommission für klassische und orientalische Archäologie Archäologisches Seminar,,None,None
240,183348,Kommission zur Herausgabe der Basler Rektoratsmatrikel,,None,None
241,8600,Kompetenzzentrum für Gender Studies (KGS) Koordinationsstelle,,None,None
242,829440,Konkordat der Schweizerischen Krankenkassen,,None,None
243,45000,Kreisforstamt 18,,None,None
244,472279,Kunstmuseum,,None,None
245,5245,Kunstmuseum Bern,,None,None
246,322572,Kuratorium Carl J. Burckhardt,,None,None
247,146853,Kuratorium Musikinstrumente der Schweiz,,None,None
248,530000,Kuratorium Schwyzer Orts- und Flurnamenbuch,,None,None
249,676596,Kuratorium Urner Namenbuch,,None,None
250,13078375,Kuratorium der Helvetia Sacra c/o Staatsarchiv Basel,,None,None
251,79431,Kuratorium für das Corpus der römischen Meilensteine,,None,None
252,213768,Laboratoire ACEPSA,,None,None
253,101410,Laboratoire d'Hygiène industrielle,,None,None
254,1576409,Laboratoire de recherche et ateliers de restauration des Musées d'art et d'histoire,,None,None
255,9637,Laboratorio di Storia delle Alpi (LabiSAlp) Accademia di architettura Università della Svizzera italiana,,None,None
256,400388,Laténium Parc et musée d'archéologie de Neuchâtel,,None,None
257,1232890,Lia Rumantscha,,None,None
258,313800,Liceo Cantonale,,None,None
259,288800,Liceo Cantonale 1,,None,None
260,100000,Liceo Cantonale Locarno,,None,None
261,68500,Liceo classico-scientifico,,None,None
262,281059,Liceo di Lugano 2,,None,None
263,56000,Liceo economico-sociale,,None,None
264,281136,Literargymnasium Kantonsschule Rämibühl Zürich,,None,None
265,354243,Mathematisch-naturwissensch. Gymnasium Kantonsschule Rämibühl Zürich,,None,None
266,189864,Mediplant Swiss Research Centre on Medicinal and Aromatic Plants,,None,None
267,80932,Meinrad Lienert-Stiftung,,None,None
268,592736,MeteoSuisse,,None,None
269,89755,Mittelschul- und Berufsbildungsamt Amtsleitung,,None,None
270,165500,Monumenti Storici Dipartimento dell'ambiente Ufficio Cantonale,,None,None
271,60000,Monuments historiques et archéologie du canton de Vaud,,None,None
272,52295,Museo  Cantonale di storia naturale,,None,None
273,284784,Museo di Valmaggia,,None,None
274,13000,Museum Tinguely,,None,None
275,514474,Museum der Kulturen,,None,None
276,241360,Museum des Kantons Thurgau,,None,None
277,64036,Museum für Kunst und Geschichte,,None,None
278,175919,Museum zu Allerheiligen,,None,None
279,1400000,Musikwissenschaftliches Institut Universität Zürich,,None,None
280,158223,Musée Forel,,None,None
281,17280,Musée Historique de Lausanne,,None,None
282,463774,Musée International d'Horlogerie,,None,None
283,271172.8,Musée cantonal d'archéologie et d'histoire,,None,None
284,15361,Musée d'art et d'histoire de Fribourg,,None,None
285,97825,Musée d'ethnographie de Genève,,None,None
286,80000,Musée de zoologie Palais de Rumine,,None,None
287,2384542,Musées d'art et d'histoire de Genève,,None,None
288,3529655,Muséum d'Histoire Naturelle,,None,None
289,605733,Muséum d'histoire naturelle,,None,None
290,4000,Nano-Cluster Bodensee,,None,None
291,261793,Natur-Museum Luzern,,None,None
292,508513,Naturforschende Gesellschaft Basel Naturhistorisches Museum,,None,None
293,1377877,Naturhistorisches Museum Basel,,None,None
294,317697,Naturhistorisches Museum Entomologie,,None,None
295,156189,Naturmuseum Winterthur,,None,None
296,101635,Numerische Vorhersagen Analyse und Prognose - Zürich MeteoSchweiz,,None,None
297,199850,Oberforstamt des Kantons Zürich Abteilung Wald,,None,None
298,33933,Obergericht Zürich,,None,None
299,1237757,Observatoire Cantonal de Neuchâtel,,None,None
300,239455,Office des recherches archéologiques,,None,None
301,300000,Office des écoles en santé (ODES) Département de la Formation et de la Jeunesse (DFJ),,None,None
302,303741,Office du patrimoine historique Section d'archéologie,,None,None
303,15000,Office féderal de la justice,,None,None
304,10000,Office fédéral de la statistique,,None,None
305,422445,Organizzazione sociopsichiatrica cantonale,,None,None
306,574422,Osservatorio Ticinese di SMA,,None,None
307,1267376,Otto Spiess Stiftung,,None,None
308,244620,Paul Sacher Stiftung Archiv und Forschungszentrum für die Musik des 20. und 21. Jahrhunderts,,None,None
309,202874,Pestalozzianum,,None,None
310,270166,Primarlehrerseminar Irchel,,None,None
311,74050,Pro Helvetia - Schweizer Kulturstiftung,,None,None
312,559454,Präsident der Schweizerischen Stiftung für das Stockalperschloss,,None,None
313,558304,"Radar, Satellite and Nowcasting Division Meteo Svizzera",,None,None
314,42667,Rechtsabteilung EVED Bundeshaus Nord,,None,None
315,4519353,Rechtswissenschaftliches Institut Universität Zürich,,None,None
316,12850991.65,Redaktion des Schweizerdeutschen Wörterbuchs,,None,None
317,408128,Rätisches Museum,,None,None
318,1745980,Römerstadt Augusta Raurica,,None,None
319,2339103,SAMW Schweizerischen Akademie der Medizinischen Wissenschaften,,None,None
320,2663951,SIDOS,,None,None
321,119200,SVIL Schweizerische Vereinigung Industrie und Landwirtschaft,,None,None
322,757082,Schweiz. Akademie der med. Wissen- schaften /Pathophysiolog. Institut,,None,None
323,206306,Schweiz. Arbeitsguppe für kardiale Rehabilitation der Schweiz. Gesell- schaft für Kardiologie,,None,None
324,276654.65,Schweiz. Fachstelle für behindertengerechtes Bauen,,None,None
325,23900,Schweiz. Gesellschaft für Ur- und Frühgeschichte,,None,None
326,754238,Schweiz. Gesellschaft für praktische Sozialforschung,,None,None
327,38000,Schweiz. Koordinationsstelle für Bildungsforschung (SKBF),,None,None
328,53500,Schweiz. Osteuropabibliothek,,None,None
329,1637755,Schweiz. Stiftung Stockalperschloss,,None,None
330,148542,Schweiz. Stiftung für die Photographie Kunsthaus,,None,None
331,573027,Schweiz. Thesauruskommission,,None,None
332,5320,Schweizer Jugend Forscht,,None,None
333,6894603,Schweizerische Akademie der Medizinischen Wissenschaften,,None,None
334,48080,Schweizerische Arbeitsgruppe für Aerobiologie,,None,None
335,10000,Schweizerische Arbeitsgruppe für Kriminologie,,None,None
336,8452114,Schweizerische Bauernhausforschung,,None,None
337,72180,Schweizerische Gesellschaft für Geschichte Generalsekretariat,,None,None
338,321200,Schweizerische Gesellschaft für Theaterkultur,,None,None
339,2657910,Schweizerische Gesellschaft für Volkskunde,,None,None
340,100125,"Schweizerische Kommission ""Mittellateinisches Wörterbuch""",,None,None
341,146500,Schweizerische Kommission für Mole- kularbiologie/ Prof. Angela Krämer Biologie Cellulaire/ Science III,,None,None
342,197587,Schweizerische Konferenz der kantonalen Erziehungsdirektoren EDK,,None,None
343,281168,Schweizerische Musikforschende Gesellschaft,,None,None
344,48720,Schweizerische Nationalbibliothek,,None,None
345,4234681,Schweizerische Rechtsquellen c/o Universität Zürich / RWI,,None,None
346,5429719,Schweizerische Vogelwarte,,None,None
347,260000,Schweizerischer Juristenverein,,None,None
348,1275744,Schweizerisches Bundesarchiv,,None,None
349,522139,Schweizerisches Bundesgericht,,None,None
350,430031,Schweizerisches Institut für Volkskunde (SIV),,None,None
351,927704,Schweizerisches Literaturarchiv,,None,None
352,395198,Schweizerisches Nationalmuseum Landesmuseum Zürich,,None,None
353,154725,Schweizerisches Sozialarchiv Abt. Periodika,,None,None
354,174200,Scuola cantonale supperiore di commercio,,None,None
355,13000,Sekretariat des Schweizerischen Apothekervereins,,None,None
356,442280,Service archéologique Canton de Fribourg,,None,None
357,276938,Service de la protection des monuments et sites,,None,None
358,528446,Service de la recherche en éducation (SRED) Bibliothèque,,None,None
359,1423409,Services communs aux groupes du Département de Biologie moléculaire,,None,None
360,572522,Servizio di documentazione Organizzazione sociopsichiatrica cantonale (OSC),,None,None
361,160000,Sezione dell'azione sociale,,None,None
362,136928,Sezione sanitaria Dipartimento delle opere sociali,,None,None
363,106204,Site et Musée romains Fondation Pro Aventico Casa postale 237,,None,None
364,15000,Site et Musée romains d'Avenches,,None,None
365,7929316,Societa Retorumantscha Dicziunari Rumantsch Grischun,,None,None
366,230076,Société d'études töpffériennes,,None,None
367,275523,Société générale suisse d'histoire,,None,None
368,292236,Sottas formative works,,None,None
369,383412,Sozialmedizinische Beratungsstelle für Jugendliche Integrative Psych. Winterthur,,None,None
370,118750,Sozialversicherungsgericht des Kantons Zürich,,None,None
371,37000,Sportwissenschaftliches Institut Bundesamt für Sport Forschungsinstitut,,None,None
372,3377898,Sprachatlas der deutschen Schweiz,,None,None
373,455364,Staatsarchiv,,None,None
374,304751,Staatsarchiv Basel Stadt,,None,None
375,911652,Staatsarchiv Fribourg,,None,None
376,1225000,Staatsarchiv Graubünden,,None,None
377,34300,"Staatsarchiv Kanton Aargau Departement Bildung, Kultur und Sport",,None,None
378,105000,Staatsarchiv Uri,,None,None
379,498952,Staatsarchiv des Kantons Bern,,None,None
380,147644,Staatsarchiv des Kantons Luzern,,None,None
381,27000,Staatssekretariat für Wirtschaft (SECO),,None,None
382,1183601,Stadtarchiv Vadiana,,None,None
383,318116,Stadtbibliothek Schaffhausen,,None,None
384,380000,Stadtärztlicher Dienst,,None,None
385,8694688,Stift. Pro Kloster St. Johann in Müstair,,None,None
386,42500,Stiftsarchiv,,None,None
387,1468124,Stiftsbibliothek St. Gallen,,None,None
388,120836,Stiftschule Einsiedeln Rektorat,,None,None
389,244148,"Stiftung ""Pro Innerrhoden""",,None,None
390,558751,Stiftung Bibliothek Werner Oechslin,,None,None
391,29010,Stiftung FSMA-HR. Sennhauser,,None,None
392,256000,Stiftung Kinderdorf Pestalozzi,,None,None
393,920775,Stiftung Landschaftsschutz Schweiz,,None,None
394,157476,Stiftung Ziegelei-Museum,,None,None
395,3700,Stiftung Zürcher Kinder- und Jugendheime,,None,None
396,70000,Stiftung für Forschung in Spätantike und Mittelalter,,None,None
397,7500,Stiftung für Patientensicherheit,,None,None
398,1935131,Stiftung für eine Historisch-Kritische Gottfried Keller-Ausgabe,,None,None
399,62900,Stiftung für eine Kritische Robert Walser- Ausgabe Frau Dr. Barbara von Reibnitz,,None,None
400,104825,Strittmatter + Partner AG,,None,None
401,1144924,Sucht Schweiz,,None,None
402,133862,Sukkulentensammlung Zürich,,None,None
403,2899740,Swiss Clinical Trial Organisation (SCTO),,None,None
404,156855,TA-SWISS Zentrum für Technologiefolgenabschätzung,,None,None
405,261630,The Robots Podcast Association,,None,None
406,100000,Theologisches Seminar Bienenberg,,None,None
407,449835,Tk3 AG,,None,None
408,25000,Tribunal des Mineurs,,None,None
409,59306,Tribunal fédéral,,None,None
410,96560,Trimarca AG,,None,None
411,2828458,Tschudi-Kommission der AGGS Staatsarchiv Zürich,,None,None
412,25000,UNI: Selbsthilfegruppe der Prostitutierten Praha TS,,None,None
413,253972,Ufficio dei beni culturali,,None,None
414,250720,Ufficio geologico cantonale,,None,None
415,90000,Ufficio studi e ricerche del Dipartimento dell'istruzione e della cultura,,None,None
416,425000,Unite d'oncologie experimentale CHUV - Université de Lausanne,,None,None
417,265394,United Nations Research Institute for Social Development (UNRISD),,None,None
418,251880.84,Unité d'études et de statistiques de l'Hospice général,,None,None
419,3500,Verband der Schweizerischen Volkshochschulen,,None,None
420,500366,"Verein ""Schweizerische Juristische Datenbank""",,None,None
421,2448763,Verein Arbeitsstelle Schweiz des RISM,,None,None
422,2400,Verein Feministische Wissenschaft Schweiz,,None,None
423,9000,Verein NGL-SAA Neue Galerie Luzern - Swiss Academic Association,,None,None
424,12000,Verein politikinitiativen Zürich c/o PIN,,None,None
425,20000,Vereinigung Walliser Museen (VWM),,None,None
426,1500,ViaStoria - Zentrum für Verkehrsgeschichte Kulturwege Schweiz,,None,None
427,136047,Vindonissa Museum,,None,None
428,16230.73,Vitrocentre Romont,,None,None
429,330992,Volkswirtschaftliches Institut Abteilung Oekonometrie,,None,None
430,10000,WDA Forum,,None,None
431,8500,WDA Forum AG,,None,None
432,119094,WOHNSTADT Bau- und Verwaltungsgenossenschaft,,None,None
433,2080085,Wasser- und Energiewirtschaftsamt des Kantons Bern,,None,None
434,3000,Webster University,,None,None
435,117162,Wessenbergkommission,,None,None
436,875384,Wissenschaftliche Nationalpark- Kommission Institut de Zoologie,,None,None
437,251252,Wissenschaftliche Nationalpark- Kommission Institut für Waldbau,,None,None
438,25299,Wissensstadt Davos,,None,None
439,706485,Zentral- & Hochschulbibliothek,,None,None
440,874401,Zentralbibliothek Solothurn,,None,None
441,1445731,Zentralbibliothek Zürich,,None,None
442,182952,Zentrum für Sprachstörungen,,None,None
443,1235385,Zwingliverein Schweiz. Landesmuseum,,None,None
444,240000,Zürcher Handelskammer Börsengebäude,,None,None
445,6700,cfd - Migrationspolitik und Friedenspolitik,,None,None
446,38000,oikos foundation Institute for Economy and the Environment University of St.Gallen,,None,None
447,12000,swisstopo Bundesamt für Landestopographie,,None,None
448,14000,syndicom,,None,None
449,349500,École des Hautes Études Commerciales Université de Lausanne,,None,None
